{
  "profile": [
    {
      "id": 1,
      "first_name": "Dana",
      "last_name": "Perico",
      "email": "dperico0@tiny.cc",
      "gender": "men",
      "country": "Portugal",
      "profile_pic": "https://randomuser.me/api/portraits/men/4.jpg"
    },
    {
      "id": 2,
      "first_name": "Teodorico",
      "last_name": "Edeler",
      "email": "tedeler1@yelp.com",
      "gender": "men",
      "country": "China",
      "profile_pic": "https://randomuser.me/api/portraits/men/3.jpg"
    },
    {
      "id": 3,
      "first_name": "Annice",
      "last_name": "Olyff",
      "email": "aolyff2@mozilla.com",
      "gender": "women",
      "country": "China",
      "profile_pic": "https://randomuser.me/api/portraits/women/5.jpg"
    },
    {
      "id": 4,
      "first_name": "Yuri",
      "last_name": "Chellenham",
      "email": "ychellenham3@wsj.com",
      "gender": "men",
      "country": "Indonesia",
      "profile_pic": "https://randomuser.me/api/portraits/men/7.jpg"
    },
    {
      "id": 5,
      "first_name": "Helge",
      "last_name": "Ghilardini",
      "email": "hghilardini4@bravesites.com",
      "gender": "women",
      "country": "Serbia",
      "profile_pic": "https://randomuser.me/api/portraits/women/8.jpg"
    },
    {
      "id": 6,
      "first_name": "Costa",
      "last_name": "Austwick",
      "email": "caustwick5@zimbio.com",
      "gender": "men",
      "country": "Nigeria",
      "profile_pic": "https://randomuser.me/api/portraits/men/9.jpg"
    },
    {
      "id": 7,
      "first_name": "Kiersten",
      "last_name": "Doring",
      "email": "kdoring6@i2i.jp",
      "gender": "men",
      "country": "Portugal",
      "profile_pic": "https://randomuser.me/api/portraits/men/10.jpg"
    },
    {
      "id": 8,
      "first_name": "Marjie",
      "last_name": "Frangleton",
      "email": "mfrangleton7@salon.com",
      "gender": "women",
      "country": "Benin",
      "profile_pic": "https://randomuser.me/api/portraits/women/11.jpg"
    },
    {
      "id": 9,
      "first_name": "Marmaduke",
      "last_name": "Perfect",
      "email": "mperfect8@zimbio.com",
      "gender": "men",
      "country": "Yemen",
      "profile_pic": "https://randomuser.me/api/portraits/men/12.jpg"
    },
    {
      "id": 10,
      "first_name": "Kacie",
      "last_name": "Van der Linde",
      "email": "kvanderlinde9@independent.co.uk",
      "gender": "men",
      "country": "Portugal",
      "profile_pic": "https://randomuser.me/api/portraits/men/13.jpg"
    },
    {
      "id": 11,
      "first_name": "Feodora",
      "last_name": "Flancinbaum",
      "email": "fflancinbauma@google.ca",
      "gender": "men",
      "country": "Vietnam",
      "profile_pic": "https://randomuser.me/api/portraits/men/14.jpg"
    },
    {
      "id": 12,
      "first_name": "Davis",
      "last_name": "Pimerick",
      "email": "dpimerickb@digg.com",
      "gender": "men",
      "country": "Afghanistan",
      "profile_pic": "https://randomuser.me/api/portraits/men/15.jpg"
    },
    {
      "id": 13,
      "first_name": "Cynde",
      "last_name": "Hubberstey",
      "email": "chubbersteyc@usa.gov",
      "gender": "women",
      "country": "Iran",
      "profile_pic": "https://randomuser.me/api/portraits/women/16.jpg"
    },
    {
      "id": 14,
      "first_name": "Faulkner",
      "last_name": "Traylen",
      "email": "ftraylend@exblog.jp",
      "gender": "women",
      "country": "Slovenia",
      "profile_pic": "https://randomuser.me/api/portraits/women/17.jpg"
    },
    {
      "id": 15,
      "first_name": "Rorke",
      "last_name": "Manueau",
      "email": "rmanueaue@psu.edu",
      "gender": "men",
      "country": "Poland",
      "profile_pic": "https://randomuser.me/api/portraits/men/18.jpg"
    },
    {
      "id": 16,
      "first_name": "Dre",
      "last_name": "Stollman",
      "email": "dstollmanf@google.ca",
      "gender": "women",
      "country": "China",
      "profile_pic": "https://randomuser.me/api/portraits/women/19.jpg"
    },
    {
      "id": 17,
      "first_name": "Pennie",
      "last_name": "Hess",
      "email": "phessg@qq.com",
      "gender": "women",
      "country": "France",
      "profile_pic": "https://randomuser.me/api/portraits/women/20.jpg"
    },
    {
      "id": 18,
      "first_name": "Berk",
      "last_name": "Norman",
      "email": "bnormanh@moonfruit.com",
      "gender": "women",
      "country": "Poland",
      "profile_pic": "https://randomuser.me/api/portraits/women/21.jpg"
    },
    {
      "id": 19,
      "first_name": "Cristin",
      "last_name": "Heald",
      "email": "chealdi@free.fr",
      "gender": "women",
      "country": "Ethiopia",
      "profile_pic": "https://randomuser.me/api/portraits/women/22.jpg"
    },
    {
      "id": 20,
      "first_name": "Pen",
      "last_name": "Dionisi",
      "email": "pdionisij@chicagotribune.com",
      "gender": "women",
      "country": "Italy",
      "profile_pic": "https://randomuser.me/api/portraits/women/23.jpg"
    },
    {
      "id": 21,
      "first_name": "Arte",
      "last_name": "Rouse",
      "email": "arousek@amazon.co.uk",
      "gender": "women",
      "country": "China",
      "profile_pic": "https://randomuser.me/api/portraits/women/24.jpg"
    },
    {
      "id": 22,
      "first_name": "Jocelyn",
      "last_name": "Yakushkev",
      "email": "jyakushkevl@disqus.com",
      "gender": "women",
      "country": "Brazil",
      "profile_pic": "https://randomuser.me/api/portraits/women/25.jpg"
    },
    {
      "id": 23,
      "first_name": "Donaugh",
      "last_name": "Tzar",
      "email": "dtzarm@dell.com",
      "gender": "men",
      "country": "China",
      "profile_pic": "https://randomuser.me/api/portraits/men/26.jpg"
    },
    {
      "id": 24,
      "first_name": "Leticia",
      "last_name": "Rutland",
      "email": "lrutlandn@mapquest.com",
      "gender": "women",
      "country": "China",
      "profile_pic": "https://randomuser.me/api/portraits/women/27.jpg"
    },
    {
      "id": 25,
      "first_name": "Deane",
      "last_name": "Merrydew",
      "email": "dmerrydewo@moonfruit.com",
      "gender": "men",
      "country": "China",
      "profile_pic": "https://randomuser.me/api/portraits/men/28.jpg"
    }
  ]
}
